MSZoning_C (all),-0.29358551965108615
YearBuilt,-0.06694901923537258
SaleCondition_Abnorml,-0.03658324343087231
MSZoning_RM,-0.034779582354021746
Neighborhood_Edwards,-0.031216473063345303
Condition1_Artery,-0.024495271775310527
SimplKitchenScore,-0.020997474643400467
CentralAir_N,-0.020403322408840553
Foundation_BrkTil,-0.019335285802442318
MSSubClass_SC30,-0.018707700629467243
TotalBsmtSF,-0.018209778236144607
Neighborhood_Mitchel,-0.01764290133399516
SaleType_WD,-0.01524353375314749
Condition1_RRAe,-0.014466892899292325
Neighborhood_NWAmes,-0.012804798126501912
Exterior1st_Wd Sdng,-0.010771341385324243
Neighborhood_Gilbert,-0.010406307536068181
YearRemodAdd,-0.00963767240522279
BsmtUnfSF,-0.008560572918635989
Neighborhood_CollgCr,-0.008016581566892373
Fence_GdWo,-0.007836802513180023
BedroomAbvGr,-0.007434689587036323
SimplExterCond,-0.007068299665705826
KitchenAbvGr,-0.005643107790441366
BsmtFinSF2,-0.0042551741106478125
LowQualFinSF,-0.0039978187303815
Neighborhood_OldTown,-0.003383310371925986
Electrical_SBrkr,-0.003163179790840144
LandContour_Lvl,-0.0024926741503050838
LotConfig_FR2,-0.002342411655986207
MiscVal,-0.002205439723326362
Exterior1st_HdBoard,-0.0018497931384367486
RoofStyle_Gable,-0.0017284980263422669
SimplOverallQual-s2,-0.0010170614428349324
SimplBsmtCond,-0.0006479126354590934
GarageFinish_Unf,-0.0005433127238297485
HouseStyle_2Story,-0.0
GarageType_2Types,-0.0
GarageType_Attchd,-0.0
HouseStyle_2.5Unf,0.0
HouseStyle_2.5Fin,-0.0
HouseStyle_1Story,-0.0
GarageType_Basment,-0.0
Heating_OthW,-0.0
GarageType_BuiltIn,0.0
GarageType_No,0.0
Heating_Floor,-0.0
Heating_GasA,-0.0
Heating_GasW,0.0
HouseStyle_1.5Unf,0.0
GarageFinish_RFn,-0.0
HouseStyle_1.5Fin,-0.0
Heating_Grav,-0.0
Heating_Wall,0.0
GarageType_CarPort,-0.0
GarageFinish_No,0.0
Fence_No,0.0
Foundation_Stone,0.0
Exterior2nd_Brk Cmn,-0.0
Exterior2nd_BrkFace,-0.0
Exterior2nd_CBlock,-0.0
Exterior2nd_CmentBd,0.0
Exterior2nd_HdBoard,-0.0
Exterior2nd_AsbShng,-0.0
Exterior2nd_ImStucc,0.0
Exterior2nd_MetalSd,0.0
Exterior2nd_Other,-0.0
Exterior2nd_Plywood,-0.0
Exterior2nd_Stone,0.0
Exterior1st_WdShing,0.0
Exterior2nd_Stucco,0.0
Exterior2nd_VinylSd,-0.0
Exterior2nd_Wd Sdng,0.0
Exterior2nd_Wd Shng,0.0
SaleType_New,0.0
Fence_GdPrv,-0.0
SaleType_ConLw,0.0
HouseStyle_SFoyer,-0.0
Fence_MnPrv,0.0
Fence_MnWw,-0.0
Exterior2nd_AsphShn,-0.0
Foundation_CBlock,-0.0
Foundation_Slab,0.0
Foundation_Wood,-0.0
HouseStyle_SLvl,0.0
MSSubClass_SC120,0.0
LandContour_HLS,0.0
MoSold_Jan,-0.0
MoSold_Mar,-0.0
SaleType_CWD,0.0
MoSold_Nov,-0.0
MoSold_Oct,-0.0
MoSold_Sep,-0.0
Neighborhood_Blmngtn,-0.0
Neighborhood_Blueste,0.0
Neighborhood_BrDale,0.0
SaleType_COD,-0.0
Neighborhood_IDOTRR,-0.0
Neighborhood_MeadowV,-0.0
MoSold_Feb,-0.0
SaleCondition_Partial,0.0
Neighborhood_NPkVill,0.0
Neighborhood_SWISU,0.0
Neighborhood_Sawyer,0.0
Neighborhood_SawyerW,-0.0
Neighborhood_Timber,-0.0
Neighborhood_Veenker,0.0
RoofStyle_Flat,0.0
RoofStyle_Gambrel,-0.0
RoofStyle_Mansard,0.0
RoofStyle_Shed,0.0
SaleCondition_Family,-0.0
SaleCondition_AdjLand,0.0
Neighborhood_NAmes,0.0
LandContour_Bnk,0.0
MoSold_Dec,-0.0
MoSold_Apr,0.0
LandContour_Low,0.0
LotConfig_FR3,-0.0
LotConfig_Inside,-0.0
SaleCondition_Alloca,0.0
SaleType_ConLI,-0.0
MSSubClass_SC150,0.0
MSSubClass_SC160,-0.0
MSSubClass_SC180,-0.0
MSSubClass_SC190,0.0
Exterior1st_VinylSd,0.0
MSSubClass_SC40,-0.0
MSSubClass_SC45,0.0
MoSold_Aug,0.0
MSSubClass_SC50,-0.0
MSSubClass_SC70,0.0
MSSubClass_SC75,-0.0
MSSubClass_SC80,0.0
MSSubClass_SC85,0.0
MSSubClass_SC90,-0.0
SaleType_ConLD,0.0
MSZoning_RH,0.0
MSZoning_RL,0.0
SaleType_Con,0.0
MasVnrType_BrkCmn,-0.0
MasVnrType_BrkFace,-0.0
MasVnrType_None,0.0
MSSubClass_SC60,-0.0
SaleType_Oth,0.0
Exterior1st_Stucco,0.0
Exterior1st_Plywood,-0.0
SimplOverallGrade,-0.0
SimplExterGrade,-0.0
SimplPoolScore,0.0
SimplGarageScore,-0.0
ExterQual,0.0
AllFlrsSF,0.0
ExterCond,0.0
HasMasVnr,-0.0
PoolScore,0.0
OverallQual-s2,-0.0
OverallQual-Sq,0.0
AllFlrsSF-2,0.0
AllFlrsSF-3,0.0
AllFlrsSF-Sq,0.0
GrLivArea-2,0.0
GrLivArea-3,0.0
BsmtHalfBath,-0.0
SimplOverallQual-s3,-0.0
OverallQual-s3,-0.0
SimplOverallQual-Sq,-0.0
Exterior1st_Stone,-0.0
KitchenScore,-0.0
LotShape,-0.0
GrLivArea,0.0
PoolArea,0.0
PoolQC,0.0
GarageQual,0.0
GarageCond,0.0
SimplOverallQual,-0.0
GarageArea,-0.0
FireplaceScore,0.0
SimplGarageCond,-0.0
SimplGarageQual,0.0
SimplFireplaceQu,0.0
SimplKitchenQual,-0.0
SimplHeatingQC,0.0
SimplBsmtFinType2,-0.0
SimplBsmtQual,-0.0
SimplExterQual,-0.0
FireplaceQu,0.0
FullBath,-0.0
ExterQual-2,0.0
OpenPorchSF,0.0
ExterQual-Sq,0.0
BsmtFinType2,-0.0
BldgType_2fmCon,0.0
Exterior1st_BrkComm,-0.0
BldgType_Duplex,-0.0
BldgType_Twnhs,-0.0
BldgType_TwnhsE,0.0
Condition1_Feedr,-0.0
ExterQual-3,0.0
Electrical_FuseP,0.0
BsmtCond,-0.0
Condition1_PosN,0.0
Condition1_RRAn,0.0
Exterior1st_CemntBd,0.0
Exterior1st_CBlock,-0.0
Condition1_RRNe,-0.0
Condition1_RRNn,0.0
Electrical_FuseA,0.0
Electrical_FuseF,0.0
Condition1_PosA,-0.0
Exterior1st_ImStucc,0.0
GarageScore-Sq,-0.0
Electrical_Mix,0.0
TotalBath-2,0.0
Exterior1st_AsbShng,-0.0
KitchenQual-2,-0.0
KitchenQual-3,-0.0
TotalBath-Sq,0.0
GarageCars-3,0.0
GarageCars-Sq,-0.0
KitchenQual-Sq,0.0
GarageCars-2,0.0
GarageScore-2,-0.0
2ndFlrSF,-0.0
GarageScore-3,-0.0
Exterior1st_AsphShn,-0.0
TotalBath-3,-0.0
AllSF-3,8.68281628645222e-05
3SsnPorch,0.00014349636643068398
MasVnrArea,0.00023621976923710177
LandSlope,0.0003570041419065024
LotFrontage,0.0007060204910185853
BsmtFinType1,0.0008429307255525566
SimplFunctional,0.0010407965512013054
TotRmsAbvGrd,0.0011817370266090732
AllPorchSF,0.0017160896032917174
AllSF,0.0017901798959615689
MSSubClass_SC20,0.002048591288751437
BsmtFullBath,0.002751829497106651
PavedDrive,0.0029685349469013816
MoSold_Jul,0.003062588768638985
GarageFinish_Fin,0.0031818030130487214
EnclosedPorch,0.0032341661032055757
Neighborhood_Somerst,0.0036408466267832664
ExterGrade,0.0036687897296375544
YrSold,0.0036954874217635875
SimplFireplaceScore,0.0037304677778665957
MoSold_Jun,0.0038812814237168766
AllSF-2,0.003900512654434976
GarageGrade,0.004328989808079339
SimplBsmtFinType1,0.00444639850358668
SimplPoolQC,0.005263554493137856
GarageType_Detchd,0.005542938932045913
BsmtQual,0.0058816090623908975
LotConfig_Corner,0.005966909289707565
RoofStyle_Hip,0.00607385124147805
1stFlrSF,0.006514087250303247
OverallCond,0.007195253000968434
HalfBath,0.0076582748894221024
Neighborhood_ClearCr,0.007967701629995083
BldgType_1Fam,0.00823709490129594
WoodDeckSF,0.008918193970809181
ScreenPorch,0.010346321478066472
BsmtExposure,0.011091694462019547
Fireplaces,0.011712324512864617
MoSold_May,0.012020488048847852
SimplOverallCond,0.012431506899827326
HeatingQC,0.01320610867436141
BoughtOffPlan,0.01365510557130621
GarageCars,0.015000467792296865
MasVnrType_Stone,0.01559134843165245
CentralAir_Y,0.016361150350723497
Foundation_PConc,0.01639375520500597
Exterior1st_MetalSd,0.017183636201514918
GarageScore,0.01786377527917612
BsmtFinSF1,0.02070096218394896
TotalBath,0.021151963452081615
Functional,0.021217658031721823
MSZoning_FV,0.02628540205176271
LotConfig_CulDSac,0.026407123189379045
Neighborhood_NoRidge,0.028806427559105948
SaleCondition_Normal,0.029113368573468034
KitchenQual,0.029317674332410643
OverallQual,0.031693757791193516
Neighborhood_NridgHt,0.035449021947477906
Condition1_Norm,0.03993129683072387
LotArea,0.04216326608056185
OverallGrade,0.045121411297989404
Neighborhood_BrkSide,0.05294873516652576
GrLivArea-Sq,0.05629286031839348
Exterior1st_BrkFace,0.05765519294614512
Neighborhood_StoneBr,0.08183186844485736
Neighborhood_Crawfor,0.09923512123515396
AllSF-Sq,0.10547829567351288
