MSZoning_C (all),-0.2982937072632339
YearBuilt,-0.0670086589307476
SaleCondition_Abnorml,-0.03669653550875296
CentralAir_N,-0.03664215103510599
MSZoning_RM,-0.03493872822267315
Neighborhood_Edwards,-0.03134661394834309
Condition1_Artery,-0.024658877047775182
SimplKitchenScore,-0.021027815106710843
Foundation_BrkTil,-0.0194412214802377
MSSubClass_SC30,-0.01887633990910876
TotalBsmtSF,-0.018242419201554002
Neighborhood_Mitchel,-0.017718472024710635
SaleType_WD,-0.015478919800368791
Condition1_RRAe,-0.014612769786559811
Neighborhood_NWAmes,-0.012809602250275332
Exterior1st_Wd Sdng,-0.01075555082130052
Neighborhood_Gilbert,-0.010357434984499274
YearRemodAdd,-0.009645247157168935
BsmtUnfSF,-0.008571663519274426
Neighborhood_CollgCr,-0.007963075108819379
Fence_GdWo,-0.007839925932084926
BedroomAbvGr,-0.0074555665291655806
SimplExterCond,-0.007038810408975384
KitchenAbvGr,-0.005632844128854987
BsmtFinSF2,-0.0042769252160320395
LowQualFinSF,-0.003983825226332833
Neighborhood_OldTown,-0.0033069030067628393
Electrical_SBrkr,-0.003178285442460215
LandContour_Lvl,-0.0024943069845632594
LotConfig_FR2,-0.0023262875065898805
MiscVal,-0.0021899798452474227
Exterior1st_HdBoard,-0.0018537267398347327
RoofStyle_Gable,-0.0018272755212496814
SimplOverallQual-s2,-0.0010267922190244862
SimplBsmtCond,-0.0006250892925425783
GarageFinish_Unf,-0.0005784787170357137
HouseStyle_2Story,-0.0
GarageType_2Types,-0.0
GarageType_Attchd,-0.0
HouseStyle_2.5Unf,0.0
HouseStyle_2.5Fin,-0.0
HouseStyle_1Story,-0.0
GarageType_Basment,-0.0
Heating_OthW,-0.0
GarageType_BuiltIn,0.0
GarageType_No,0.0
Heating_Floor,-0.0
Heating_GasA,-0.0
Heating_GasW,0.0
HouseStyle_1.5Unf,0.0
GarageFinish_RFn,-0.0
HouseStyle_1.5Fin,-0.0
Heating_Grav,-0.0
Heating_Wall,0.0
GarageType_CarPort,-0.0
GarageFinish_No,0.0
Fence_No,0.0
Foundation_Stone,0.0
Exterior2nd_Brk Cmn,-0.0
Exterior2nd_BrkFace,-0.0
Exterior2nd_CBlock,-0.0
Exterior2nd_CmentBd,0.0
Exterior2nd_HdBoard,-0.0
Exterior2nd_AsbShng,-0.0
Exterior2nd_ImStucc,0.0
Exterior2nd_MetalSd,0.0
Exterior2nd_Other,-0.0
Exterior2nd_Plywood,-0.0
Exterior2nd_Stone,0.0
Exterior1st_WdShing,0.0
Exterior2nd_Stucco,0.0
Exterior2nd_VinylSd,-0.0
Exterior2nd_Wd Sdng,0.0
Exterior2nd_Wd Shng,0.0
SaleType_New,0.0
Fence_GdPrv,-0.0
SaleType_ConLw,0.0
HouseStyle_SFoyer,-0.0
Fence_MnPrv,0.0
Fence_MnWw,-0.0
Exterior2nd_AsphShn,-0.0
Foundation_CBlock,-0.0
Foundation_Slab,0.0
Foundation_Wood,-0.0
HouseStyle_SLvl,0.0
MSSubClass_SC120,0.0
LandContour_HLS,0.0
MoSold_Jan,-0.0
MoSold_Mar,-0.0
SaleType_CWD,0.0
MoSold_Nov,-0.0
MoSold_Oct,-0.0
MoSold_Sep,-0.0
Neighborhood_Blmngtn,-0.0
Neighborhood_Blueste,0.0
Neighborhood_BrDale,0.0
SaleType_COD,-0.0
Neighborhood_IDOTRR,-0.0
Neighborhood_MeadowV,-0.0
MoSold_Feb,-0.0
SaleCondition_Partial,0.0
Neighborhood_NPkVill,0.0
Neighborhood_SWISU,0.0
Neighborhood_Sawyer,0.0
Neighborhood_SawyerW,-0.0
Neighborhood_Timber,-0.0
Neighborhood_Veenker,0.0
RoofStyle_Flat,0.0
RoofStyle_Gambrel,-0.0
RoofStyle_Mansard,0.0
RoofStyle_Shed,0.0
SaleCondition_Family,-0.0
SaleCondition_AdjLand,0.0
Neighborhood_NAmes,0.0
LandContour_Bnk,0.0
MoSold_Dec,-0.0
MoSold_Apr,0.0
LandContour_Low,0.0
LotConfig_FR3,-0.0
LotConfig_Inside,-0.0
SaleCondition_Alloca,0.0
SaleType_ConLI,-0.0
MSSubClass_SC150,0.0
MSSubClass_SC160,-0.0
MSSubClass_SC180,-0.0
MSSubClass_SC190,0.0
Exterior1st_VinylSd,0.0
MSSubClass_SC40,-0.0
MSSubClass_SC45,0.0
MoSold_Aug,0.0
MSSubClass_SC50,-0.0
MSSubClass_SC70,0.0
MSSubClass_SC75,-0.0
MSSubClass_SC80,0.0
MSSubClass_SC85,0.0
MSSubClass_SC90,-0.0
SaleType_ConLD,0.0
MSZoning_RH,0.0
MSZoning_RL,0.0
SaleType_Con,0.0
MasVnrType_BrkCmn,-0.0
MasVnrType_BrkFace,-0.0
MasVnrType_None,0.0
MSSubClass_SC60,-0.0
SaleType_Oth,0.0
Exterior1st_Stucco,0.0
Exterior1st_Plywood,-0.0
PoolScore,0.0
SimplOverallGrade,-0.0
SimplExterGrade,-0.0
SimplPoolScore,0.0
SimplGarageScore,-0.0
ExterCond,0.0
AllFlrsSF,0.0
HasMasVnr,-0.0
Exterior1st_Stone,-0.0
OverallQual-s2,-0.0
OpenPorchSF,0.0
BsmtHalfBath,-0.0
AllFlrsSF-2,0.0
AllFlrsSF-3,0.0
AllFlrsSF-Sq,0.0
GrLivArea-2,0.0
GrLivArea-3,0.0
SimplOverallQual-s3,-0.0
OverallQual-s3,-0.0
SimplOverallQual-Sq,-0.0
FireplaceScore,0.0
ExterQual,0.0
LotShape,-0.0
GrLivArea,0.0
GarageQual,0.0
PoolArea,0.0
PoolQC,0.0
GarageCond,0.0
GarageArea,-0.0
SimplOverallQual,-0.0
KitchenScore,-0.0
FullBath,-0.0
SimplGarageQual,0.0
SimplFireplaceQu,0.0
SimplKitchenQual,-0.0
SimplHeatingQC,0.0
FireplaceQu,0.0
SimplBsmtFinType2,-0.0
SimplBsmtQual,-0.0
SimplExterQual,-0.0
SimplGarageCond,-0.0
ExterQual-2,0.0
OverallQual-Sq,0.0
ExterQual-Sq,0.0
Electrical_FuseP,0.0
BsmtFinType2,-0.0
GarageScore-Sq,-0.0
Electrical_FuseF,0.0
Electrical_FuseA,0.0
BldgType_2fmCon,0.0
BldgType_Duplex,-0.0
GarageScore-3,-0.0
BldgType_Twnhs,-0.0
CentralAir_Y,0.0
Condition1_RRNn,0.0
ExterQual-3,0.0
Condition1_Feedr,-0.0
BsmtCond,-0.0
Condition1_PosA,-0.0
Condition1_PosN,0.0
BldgType_TwnhsE,0.0
Electrical_Mix,0.0
GarageScore-2,-0.0
Exterior1st_AsbShng,-0.0
2ndFlrSF,-0.0
Exterior1st_ImStucc,0.0
GarageCars-2,0.0
GarageCars-3,0.0
GarageCars-Sq,-0.0
TotalBath-2,0.0
TotalBath-3,-0.0
TotalBath-Sq,0.0
Condition1_RRNe,-0.0
Exterior1st_CemntBd,0.0
KitchenQual-2,-0.0
KitchenQual-3,-0.0
Exterior1st_CBlock,-0.0
KitchenQual-Sq,0.0
Exterior1st_BrkComm,-0.0
Exterior1st_AsphShn,-0.0
Condition1_RRAn,0.0
AllSF-3,3.426736687626708e-07
3SsnPorch,0.00013618548750477514
MasVnrArea,0.00023968389497367053
LandSlope,0.00034669191887692875
LotFrontage,0.0007210706532744208
BsmtFinType1,0.00083528010830684
SimplFunctional,0.0009910867224836892
TotRmsAbvGrd,0.0012296817241223238
AllSF,0.0013183342924307452
AllPorchSF,0.0017500370022700618
MSSubClass_SC20,0.0019413906020593417
BsmtFullBath,0.002753048488702116
PavedDrive,0.0029182968271327632
MoSold_Jul,0.003024585328454872
GarageFinish_Fin,0.0031458863282453377
EnclosedPorch,0.0032503689312490197
Neighborhood_Somerst,0.003533802477057287
ExterGrade,0.0036011091449948246
AllSF-2,0.00366853908578409
YrSold,0.003683000225111392
SimplFireplaceScore,0.003696065636504724
MoSold_Jun,0.0038758849537067
GarageGrade,0.004359139546464622
SimplBsmtFinType1,0.004457372350393429
SimplPoolQC,0.005269777198596324
GarageType_Detchd,0.005548912577402219
BsmtQual,0.005943386365270316
LotConfig_Corner,0.005963440859768431
RoofStyle_Hip,0.00599501496351633
1stFlrSF,0.0064315769060547335
OverallCond,0.0070629868343688946
HalfBath,0.007637226047043543
Neighborhood_ClearCr,0.00794767145797436
BldgType_1Fam,0.008323331127726933
WoodDeckSF,0.008918268024449774
ScreenPorch,0.010344884339165904
BsmtExposure,0.011095179930964722
Fireplaces,0.011736473282617652
MoSold_May,0.011989276865084702
SimplOverallCond,0.012445778198776628
HeatingQC,0.013233456714256287
BoughtOffPlan,0.013523072804075484
GarageCars,0.014973312290466867
MasVnrType_Stone,0.015639255765939296
Foundation_PConc,0.016322818033417494
Exterior1st_MetalSd,0.017280435726806924
GarageScore,0.01792190755219564
BsmtFinSF1,0.020682193514805193
TotalBath,0.0211090916187529
Functional,0.02129076535676747
LotConfig_CulDSac,0.026418441043551785
MSZoning_FV,0.026495449902331825
SaleCondition_Normal,0.028925098097802006
Neighborhood_NoRidge,0.02894853136656472
KitchenQual,0.029336666487215838
OverallQual,0.03146586213213861
Neighborhood_NridgHt,0.03556105306793626
Condition1_Norm,0.039912439960112574
LotArea,0.04214699141680306
OverallGrade,0.04526996567850309
Neighborhood_BrkSide,0.053009434731091445
GrLivArea-Sq,0.056150364007521665
Exterior1st_BrkFace,0.05794956230477328
Neighborhood_StoneBr,0.08240972445023961
Neighborhood_Crawfor,0.09951842025388595
AllSF-Sq,0.10644753296046633
